"Variant","#Genomes","#Top Location","#Top Clade","#Top Lineage","Δ#Loc(S)","#aachanges(C)","(SxC)"
"69del_70del_144del_385N_452M_501Y","2","2 Wales","2 GRY","2 B.1.1.7","1","6","6"
"417T_484K_501Y","6","1 Turkey","5 GR","5 P.1","2","3","6"
"69del_70del_144del_478K_501Y","2","1 Singapore","1 GRY","2 B.1.1.7","1","5","5"
"69del_70del_144del_490S_501Y","5","1 England","5 GRY","5 B.1.1.7","1","5","5"
"69del_70del_478K_484K","1","1 New York","1 G","1 B.1","1","4","4"
"69del_70del_452R_477N","3","3 New York","3 GR","3 B.1.1.1","1","4","4"
"452R_478K","29","16 England","21 G","21 B.1","2","2","4"
"144del_452R_484Q","5","2 England","5 G","5 B.1.617","1","3","3"
"452Q_490L_501T","1","1 Ñuble","1 GR","1 B.1.1.1","1","3","3"
"18F_144del_484K","4","2 New York","3 GR","2 B.1.1.318","1","3","3"
"348S_484K","1","1 New York","1 GH","1 B.1.526","1","2","2"
"18F_144del_501Y","1","1 Campania","1 GR","1 B.1.1.7","0","3","0"
"144X_242del_243del_244del_417N_484K_501Y","4","4 Baden-Wurttemberg","4 GH","4 B.1.351","0","7","0"
"69X_70X_144del_490L_501Y","3","2 Baden-Wurttemberg","3 GR","3 B.1.1.7","0","5","0"
"18F_69X_70X_144X_501Y","9","2 England","9 GR","9 B.1.1.7","0","5","0"
"69X_70X_242del_243del_244del_417N_484K_501Y","1","1 Baden-Wurttemberg","1 GH","1 B.1.351","0","8","0"
"69del_70del_144del_242del_243X_244X","1","1 Ontario","1 GR","1 B.1.1.7","0","6","0"
"18F_406Q","1","1 Texas","1 GH","1 B.1.2","0","2","0"
"478K_484X","1","1 Morelos","1 GR","1 B.1.1.519","0","2","0"
"69del_70X_501Y","16","14 North Rhine-Westphalia","16 GR","16 B.1.1.7","0","3","0"
"69del_70del_144del_242del_243del_244del_501Y","53","33 England","53 GRY","53 B.1.1.7","0","7","0"
"144X_449H_501Y","1","1 Baden-Wurttemberg","1 O","1 B","0","3","0"
"18F_242del_243X_244X_417N","4","1 Chittagong","4 GH","4 B.1.351","0","5","0"
"18F_242del_243X_244X_417N_484X","1","1 Arizona","1 GH","1 B.1.351","0","6","0"
"18F_417N_501Y","1","1 Dhaka","1 GH","1 B.1.351","0","3","0"
"69del_70del_144del_417N_490L_501Y","1","1 Basel-Stadt","1 G","1 B.1.1.7","0","6","0"
"242del_243del_244del_384L_417N_484K_501Y","1","1 Western Cape","1 GH","1 B.1.351","0","7","0"
"69del_70del_452Q_490L","19","7 Region Metropolitana de Santiago","19 GR","19 B.1.1.1","0","4","0"
"144del_477N_796Y","1","1 Arizona","1 G","1 B.1.404","0","3","0"
"144del_477N_484K","1","1 Neder-Over-Heembeek","1 G","1 B.1.177","0","3","0"
"18F_242del_243del_244del_484K","2","2 Saarland","2 GH","2 B.1.351","0","5","0"
"69del_70del_144X_367F_501Y","1","1 Cantabria","1 GR","1 B.1.1.7","0","5","0"
"69del_70del_144del_450K_501Y","7","3 Berlin","7 GRY","7 B.1.1.7","0","5","0"
"69del_70del_439K_490L","8","7 Kralovehradecky region","8 G","8 B.1.258","0","4","0"
"144del_453F_478K","1","1 Florida","1 GR","1 B.1.1.519","0","3","0"
"69del_70del_484X","2","2 Saxony","2 GR","2 B.1.1.70","0","3","0"
"408K_477N","5","2 New York","5 GH","4 B.1.526.2","0","2","0"
"69del_70del_144del_456X","1","1 Colorado","1 GR","1 B.1.1.7","0","4","0"
"144del_446V_452R","2","1 Massachusetts","2 GH","2 B.1.526.1","0","3","0"
"242X_243X_244X_417N_484K","1","1 Zedelgem","1 O","1 B.1.383","0","5","0"
"70del_484K","2","1 Texas","1 GH","1 B.1.526.1","0","2","0"
"359N_452R","2","2 California","2 GH","2 B.1.429","0","2","0"
"70del_477N","1","1 New York","1 G","1 B.1.160","0","2","0"
"69X_70X_490L_501Y","2","1 Kortessem","2 GR","2 B.1.1.7","0","4","0"
"452R_475V","1","1 North Carolina","1 GH","1 B.1.429","0","2","0"
"69del_70del_144del_339S_501Y","3","1 Catalunya","3 GRY","3 B.1.1.7","0","5","0"
"69del_70X_144X_501Y","2","2 North Rhine-Westphalia","2 GR","2 B.1.1.7","0","4","0"
"69del_70del_144del_242del_243del_244del","1","1 Minnesota","1 GR","1 B.1.1.7","0","6","0"
"477N_484A","1","1 Saxony","1 GH","1 B.1.160","0","2","0"
"384L_477N","1","1 Luxembourg","1 GH","1 B.1.160","0","2","0"
"144del_439K_501Y","1","1 Brno","1 G","1 B.1","0","3","0"
"243X_244X_484X","1","1 Gaborone","1 G","1 B.1.577","0","3","0"
"18F_417T","19","5 Portugal","17 GR","17 P.1","0","2","0"
"440K_450K","2","2 Maharashtra","2 GH","2 B.1.36.29","0","2","0"
"18F_69del_70del_144del_242del_243del_244del_417N_501Y","1","1 Baden-Wurttemberg","1 GRY","1 B.1.1","0","9","0"
"144del_452R_501Y","1","1 Ile-de-France","1 O","1 B.1","0","3","0"
"18F_70X","4","2 Saxony","3 GV","1 B.1.177.86","0","2","0"
"144del_450K","1","1 Basel-Stadt","1 G","1 B.1.214.2","0","2","0"
"18F_484Q_501T","1","1 Minas Gerais","1 G","1 B.1","0","3","0"
"242X_243X_244X_417N_484X","1","1 Gaborone","1 G","1 B.1","0","5","0"
"440K_452M","1","1 Maharashtra","1 GH","1 B.1.36.29","0","2","0"
"69X_70X_144X_452R","7","2 Virginia","6 GH","5 B.1.427","0","4","0"
"18F_69del_70del_144del_452R","1","1 Florida","1 GR","1 B.1.1.7","0","5","0"
"452R_453F","16","16 Washington","16 GH","16 B.1.429","0","2","0"
"475V_478K","3","2 Mexico City","3 GR","3 B.1.1.519","0","2","0"
"69del_70del_144del_440K_501Y","3","3 England","3 GRY","3 B.1.1.7","0","5","0"
"18F_144del_477N_484K","1","1 Slovenia","1 GH","1 B.1.160","0","4","0"
"69X_70del_144del_501Y","2","1 Bavaria","2 GRY","2 B.1.1.7","0","4","0"
"242del_243del_244del_501Y_796Y","1","1 Turkey","1 O","1 B.1","0","5","0"
"144del_417N_439K_478K_501Y","1","1 Western Cape","1 G","1 B.1","0","5","0"
"69del_70del_452M","1","1 Eastern Cape","1 GR","1 B.1.1.459","0","3","0"
"18F_475V","3","3 Northern Ireland","3 GV","3 B.1.177.58","0","2","0"
"69del_70del_144del_367F_452R","1","1 Pennsylvania","1 GH","1 B.1.429","0","5","0"
"417N_484X","1","1 Gaborone","1 G","1 B.1","0","2","0"
"242X_243X_244X_484X","3","2 Ghent","2 GH","2 B.1.36.10","0","4","0"
"384L_452R","8","6 Arizona","8 GH","7 B.1.429","0","2","0"
"18F_144del_440K","4","3 Campania","4 GR","3 B.1.1.420","0","3","0"
"18F_242del_243del_244del_484X_501Y","1","1 Baden-Wurttemberg","1 GH","1 B.1.351","0","6","0"
"69X_70X_501Y_796Y","1","1 Slovenia","1 GR","1 B.1.1.7","0","4","0"
"18F_69del_70del_144del_367L_501Y","5","2 Gelderland","5 GRY","5 B.1.1.7","0","6","0"
"484Q_501T","3","3 Sao Paulo","3 GR","3 B.1.1.28","0","2","0"
"367F_439K","1","1 Rhineland-Palatinate","1 G","1 B.1.258","0","2","0"
"144del_242del_243del_244del","1","1 Ichtegem","1 GV","1 B.1.177","0","4","0"
"69X_70X_439K_456X","1","1 North Rhine-Westphalia","1 G","1 B.1.258","0","4","0"
"70del_144X_501Y","206","114 North Rhine-Westphalia","206 GR","206 B.1.1.7","0","3","0"
"18F_384L_417N_484K_501Y","1","1 Dublin","1 GH","1 B.1.351","0","5","0"
"69del_70del_144del_484X","3","1 Abuja","2 G","1 B.1.1.7","0","4","0"
"70del_144X","1","1 Texas","1 GH","1 B.1.2","0","2","0"
"69X_439K","1","1 North Rhine-Westphalia","1 G","1 B.1.258.17","0","2","0"
"144del_452Q","3","2 Region Metropolitana de Santiago","2 GR","2 B.1.1.1","0","2","0"
"70del_439K","93","28 Podravska","93 G","82 B.1.258.17","0","2","0"
"69del_70del_144del_490L_501Y","377","221 England","376 GRY","377 B.1.1.7","0","5","0"
"69del_70del_144del_244del_501Y","2","1 England","2 GRY","2 B.1.1.7","0","5","0"
"244X_484K_501Y","3","3 Baden-Wurttemberg","3 O","2 B.1.177","0","3","0"
"69del_70del_144del_244X_501Y","13","8 England","13 GRY","13 B.1.1.7","0","5","0"
"501Y_796Y","5","3 Turkey","3 O","2 B.1","0","2","0"
"144del_367F","1","1 Florida","1 GH","1 B.1","0","2","0"
"384L_478K","4","2 Texas","4 GR","4 B.1.1.519","0","2","0"
"439K_796Y","2","2 Hesse","2 G","2 B.1.258","0","2","0"
"357K_452R","6","3 Colorado","6 GH","6 B.1.427","0","2","0"
"69del_70del_144del_357K_452R","1","1 Florida","1 GH","1 B.1.427","0","5","0"
"478K_508H","4","3 Texas","4 GR","4 B.1.1.519","0","2","0"
"69del_70del_144del_417N_501Y","17","6 England","15 GRY","17 B.1.1.7","0","5","0"
"69del_70del_144X_452R","2","1 Wales","1 GR","1 B.1.429","0","4","0"
"70X_144del_484K","3","3 North Rhine-Westphalia","3 G","3 B.1.525","0","3","0"
"144X_242X_243X_244X_484K_501Y","1","1 Gaborone","1 GH","1 B.1.351","0","6","0"
"417N_484K","2","1 Sao Paulo","1 GH","1 B.1.351","0","2","0"
"478K_484Q","1","1 Queretaro","1 GR","1 B.1.1.519","0","2","0"
"18F_440K_452M","9","6 Bremen","9 GR","8 B.1.1.420","0","3","0"
"18F_452M","1","1 Hamburg","1 GR","1 B.1.1.420","0","2","0"
"69X_70X_244X_501Y","1","1 Dublin","1 GR","1 B.1.1.7","0","4","0"
"18F_242X","2","2 Saxony","2 GV","2 B.1.177.86","0","2","0"
"69X_70X_144del_452M_501Y","1","1 Campania","1 GR","1 B.1.1.7","0","5","0"
"18F_69X_70X_439K","3","3 Slovenia","3 G","3 B.1.258.17","0","4","0"
"242X_243X_244X_484K_501Y","11","10 North Rhine-Westphalia","10 GH","11 B.1.351","0","5","0"
"69X_70X_144del_367F_501Y","1","1 Hurbanovo","1 G","1 B.1.1.7","0","5","0"
"242del_243del_244del_439K_484K_501Y","1","1 Turkey","1 GH","1 B.1","0","6","0"
"70X_144X","1","1 Texas","1 G","1 B.1.596","0","2","0"
"18F_242del_243del_244X_417N_484K_501Y","9","3 England","9 GH","9 B.1.351","0","7","0"
"69del_70del_144del_406Q_501Y","11","4 England","11 GRY","11 B.1.1.7","0","5","0"
"18F_242del_243del_244del_452R","1","1 Luanda","1 GR","1 C.16","0","5","0"
"70del_144del_501Y_796Y","1","1 Baden-Wurttemberg","1 GR","1 B.1.1.7","0","4","0"
"69X_70X_144del_475V_501Y","1","1 unknown","1 G","1 B.1.1.7","0","5","0"
"69del_70del_144X_408K_501Y","1","1 Bavaria","1 GR","1 B.1.1.7","0","5","0"
"69del_70del_439K_501Y","4","3 Gorenjska","4 G","2 B.1.258.17","0","4","0"
"69del_70del_144del_354D","2","2 England","2 GR","2 B.1.1.7","0","4","0"
"69del_70del_339S","1","1 Jugovzhodna","1 G","1 B.1.258.17","0","3","0"
"354D_452R","1","1 California","1 GH","1 B.1.429","0","2","0"
"70X_484K","2","2 New York","2 GH","1 B.1.526","0","2","0"
"18F_69del_70del_440K","2","2 Campania","2 GR","2 B.1.1.420","0","4","0"
"69del_70del_144del_242del_243del_244del_477N_484K","16","9 England","16 G","14 B.1.177","0","8","0"
"69del_70del_144del_452R_484Q","1","1 Maharashtra","1 G","1 B.1.617","0","5","0"
"18F_242del_243del_244del_356R_417N_484K_501Y","1","1 Western Cape","1 GH","1 B.1.351","0","8","0"
"18F_417T_475V_484K_501Y","1","1 Japan","1 GR","1 P.1","0","5","0"
"70del_144del_490L_501Y","1","1 Saxony-Anhalt","1 GR","1 B.1.1.7","0","4","0"
"18F_417T_501Y","3","1 Campania","2 GR","3 P.1","0","3","0"
"144del_242del_243del_244del_452R","2","1 New York","2 GH","2 B.1.526.1","0","5","0"
"70del_144del","3","3 New York","2 GH","2 B.1","0","2","0"
"18F_69del_70del_144del_354D_501Y","1","1 England","1 GRY","1 B.1.1.7","0","6","0"
"70del_144X_484K","1","1 North Rhine-Westphalia","1 G","1 B.1.525","0","3","0"
"18F_69del_70del_144del_417N_501Y","2","2 England","2 GRY","2 B.1.1.7","0","6","0"
"242del_243del_244del_501Y","22","19 Turkey","11 GH","14 B.1","0","4","0"
"144X_348S_452R","4","3 Idaho","4 GH","4 B.1.429","0","3","0"
"18F_242del_243del_244del_406Q_417N_484K_501Y","3","3 Luxembourg","3 GH","3 B.1.351","0","8","0"
"244X_417N_484K_501Y","4","3 Murcia","4 GH","4 B.1.351","0","4","0"
"69del_70del_354D_501Y","1","1 Mazowieckie","1 GR","1 B.1.1.7","0","4","0"
"69del_70del_144del_346K_501Y","8","3 England","8 GRY","8 B.1.1.7","0","5","0"
"144X_357K","1","1 Ontario","1 GR","1 B.1.1.176","0","2","0"
"144X_478K","4","1 Florida","3 GR","3 B.1.1.519","0","2","0"
"69del_70del_144del_478K","1","1 New York","1 GR","1 B.1.1.7","0","4","0"
"18F_484X_501Y","1","1 Saarland","1 O","1 B.1","0","3","0"
"354K_478K","1","1 Morelos","1 GR","1 B.1.1.519","0","2","0"
"242del_243del_417N_484K_501Y","1","1 Western Cape","1 GH","1 B.1.351","0","5","0"
"69del_70del_417N","1","1 Turkey","1 GH","1 B.1","0","3","0"
"18F_484A","1","1 Texas","1 GH","1 B.1.2","0","2","0"
"144del_484X","4","1 Lower Saxony","2 G","1 B.1.1.7","0","2","0"
"18F_69del_70del_144del_484K","4","1 England","3 G","3 B.1.525","0","5","0"
"242X_452R","1","1 California","1 GH","1 B.1.427","0","2","0"
"69del_70del_144del_384L_446V_501Y","1","1 England","1 GRY","1 B.1.1.7","0","6","0"
"18F_478K","11","3 Puebla","11 GR","11 B.1.1.519","0","2","0"
"478K_490L","1","1 California","1 GR","1 B.1.1.519","0","2","0"
"144del_346K","1","1 Turkey","1 GR","1 B.1.1","0","2","0"
"69del_70del_144del_348S_354D_501Y","1","1 England","1 GRY","1 B.1.1.7","0","6","0"
"144del_242X","2","2 Saxony","2 GR","2 B.1.1.7","0","2","0"
"356R_439K","6","6 Syddanmark","6 G","6 B.1.258","0","2","0"
"18F_484X","6","3 Saarland","2 GV","2 B.1.351","0","2","0"
"417N_475V","1","1 Florida","1 GH","1 B.1.509","0","2","0"
"18F_242del_243del_244del_493K","1","1 Bavaria","1 GV","1 B.1.177","0","5","0"
"18F_417T_484K","6","1 Sao Paulo","6 GR","6 P.1","0","3","0"
"69X_70del_501Y","2","2 North Rhine-Westphalia","2 GR","2 B.1.1.7","0","3","0"
"69del_70del_144del_483A_501Y","8","3 Lubelskie","8 GRY","8 B.1.1.7","0","5","0"
"18F_242del_243del_244del_384L_417N_484K_501Y","77","21 Luxembourg","77 GH","77 B.1.351","0","8","0"
"69del_70del_384L_501Y","1","1 Gavleborg","1 GR","1 B.1.1.7","0","4","0"
"69X_70X_244X_452R","1","1 Michigan","1 GH","1 B.1.429","0","4","0"
"18F_69X_70X_417T_501Y","1","1 Turkey","1 GR","1 P.1","0","5","0"
"69del_70del_144del_243del_244del_501Y","4","3 England","4 GRY","4 B.1.1.7","0","6","0"
"144del_242del_243del_244del_417N_501Y","1","1 Turkey","1 O","1 B.1.1","0","6","0"
"446V_484K","2","1 Connecticut","1 GH","1 B.1.1.192","0","2","0"
"69X_70X_144del_385N_501Y","1","1 California","1 GR","1 B.1.1.7","0","5","0"
"18F_417T_452R_501Y","1","1 Florida","1 GR","1 P.1","0","4","0"
"69X_70X_449H_501Y","2","2 Limerick","2 GR","2 B.1.1.7","0","4","0"
"69X_70X_478K","2","1 Texas","2 GR","1 B.1.1.519","0","3","0"
"69del_70del_144X_440K_484K","3","3 Cordoba","3 GH","3 B.1.160","0","5","0"
"408K_439K","1","1 North Sumatra","1 GH","1 B.1.466.2","0","2","0"
"367L_452R","3","3 California","3 GH","3 B.1.429","0","2","0"
"452R_483A","2","1 Washington","1 GR","1 B.1.429","0","2","0"
"446V_501Y","2","2 Turkey","1 GH","1 B.1","0","2","0"
"18F_242X_243X_244X_417N_484K","1","1 Aartrijke","1 GH","1 B.1.351","0","6","0"
"244X_417N","1","1 North Rhine-Westphalia","1 GH","1 B.1.351","0","2","0"
"69del_439K","3","2 North Rhine-Westphalia","3 G","2 B.1.258","0","2","0"
"18F_144del_242del_243del_244del_417N_484K_501Y","8","4 England","8 GH","8 B.1.351","0","8","0"
"18F_69X_70X_417T_484K_501Y","2","1 Sao Paulo","2 GR","2 P.1","0","6","0"
"18F_244X_484K_501Y","2","1 Baden-Wurttemberg","1 GH","1 B.1.351","0","4","0"
"346K_478K","1","1 State of Mexico","1 GR","1 B.1.1.519","0","2","0"
"69del_70del_144del_446V_484K","1","1 Osun State","1 G","1 B.1.525","0","5","0"
"144del_477N_501Y","1","1 Arizona","1 GH","1 B.1.2","0","3","0"
"452R_455F","13","10 California","13 GH","11 B.1.429","0","2","0"
"69del_70del_144del_341I_501Y","2","2 England","2 GRY","2 B.1.1.7","0","5","0"
"18F_69del_70del_144del_484G_501Y","2","2 England","2 GRY","2 B.1.1.7","0","6","0"
"144del_484K_796Y","7","7 Oslo","7 GR","7 B.1.1.318","0","3","0"
"18F_242del_243del_244del_484X","1","1 Saarland","1 O","1 B.1.351","0","5","0"
"18F_484K","42","9 Maharashtra","27 GR","23 B.1.1.306","0","2","0"
"18F_242del_243del_244del_348S_417N_484K_501Y","1","1 Geneva","1 GH","1 B.1.351","0","8","0"
"18F_69X_70X_242del_243del_244del_417N_484K_501Y","1","1 Portugal","1 GH","1 B.1.351","0","9","0"
"346K_501Y","2","1 Limburg","2 GR","2 B.1.1.7","0","2","0"
"69del_70del_408I_439K","2","1 Pomurska","2 G","1 B.1.258.17","0","4","0"
"69del_70del_144del_348S_501Y","32","26 England","32 GRY","32 B.1.1.7","0","5","0"
"18F_452R","11","4 California","6 GH","4 B.1.429","0","2","0"
"144del_484Q","4","1 Alabama","2 GH","2 B.1.2","0","2","0"
"18F_69del_70del_144del_490S_501Y","1","1 England","1 GRY","1 B.1.1.7","0","6","0"
"477N_481K","1","1 North Carolina","1 G","1 B.1.404","0","2","0"
"339S_452R","6","4 Indiana","6 GH","6 B.1.429","0","2","0"
"144del_484A","2","1 Wisconsin","1 GR","1 B.1.2","0","2","0"
"144del_242del_243del_244del_452R_484K","1","1 New York","1 GH","1 B.1.526.1","0","6","0"
"18F_384L_417T_484K_501Y","1","1 Minas Gerais","1 GR","1 P.1","0","5","0"
"69del_70del_144del_367L_490L_501Y","2","2 Maryland","2 GRY","2 B.1.1.7","0","6","0"
"478K_483A","1","1 Veracruz","1 GR","1 B.1.1.519","0","2","0"
"242X_243X","1","1 Michigan","1 GH","1 B.1.2","0","2","0"
"417N_478K","1","1 Mexico City","1 GR","1 B.1.1.519","0","2","0"
"242del_243del_244X_417N_484K_501Y","3","2 Madrid","3 GH","3 B.1.351","0","6","0"
"242del_243del_244del_417N_452R","1","1 Washington","1 GH","1 B.1","0","5","0"
"452R_478K_796Y","3","1 England","3 GH","3 B.1","0","3","0"
"18F_508H","1","1 North Rhine-Westphalia","1 GV","1 B.1.177.62","0","2","0"
"417T_501Y","2","1 Turkey","1 GR","2 B.1.1","0","2","0"
"70X_144del","2","2 New York","1 GR","1 B.1.1.7","0","2","0"
"144del_354K_501T","1","1 Minnesota","1 G","1 B.1.565","0","3","0"
"367L_439K","1","1 East Java","1 GH","1 B.1.466.2","0","2","0"
"144del_417N","2","2 Turkey","2 O","1 B.1","0","2","0"
"18F_440K_484K","2","1 Montignies","2 G","2 B.1","0","3","0"
"69X_452R","3","1 Hawaii","3 GH","3 B.1.429","0","2","0"
"18F_242del_243X_244X_417N_484K_501Y","16","10 Bavaria","16 GH","16 B.1.351","0","7","0"
"244X_501Y","3","3 Baden-Wurttemberg","2 L","3 B.1","0","2","0"
"69del_70del_144del_484G_501Y","3","1 England","3 GRY","3 B.1.1.7","0","5","0"
"144del_490L_501Y","1","1 Berlin","1 GR","1 B.1.1.7","0","3","0"
"493K_501Y","1","1 Guanajuato","1 GH","1 B.1.2","0","2","0"
"69X_70X_144X_452M_501Y","1","1 Limerick","1 GR","1 B.1.1.7","0","5","0"
"69del_70del_144del_242del_243X_244X_501Y","3","1 England","3 GRY","3 B.1.1.7","0","7","0"
"18F_243X_244X_417N_484K_501Y","1","1 Menen","1 GH","1 B.1.351","0","6","0"
"69del_70del_144del_439K_501Y","1","1 Brno","1 O","1 B.1.1.7","0","5","0"
"144X_242del_243X_244X_417N","1","1 Baden-Wurttemberg","1 GH","1 B.1.351","0","5","0"
"69del_70del_144del_449H_501Y","16","9 Limerick","16 GRY","16 B.1.1.7","0","5","0"
"144del_484X_501Y","1","1 Portugal","1 GR","1 B.1.1.7","0","3","0"
"69del_70del_144X_450K_501Y","1","1 Madrid","1 GR","1 B.1.1.7","0","5","0"
"69del_70del_501Y_796Y","1","1 Brod-Posavina County","1 G","1 B.1","0","4","0"
"69del_70del_144del_439K_484K","1","1 Prague","1 G","1 B.1.258","0","5","0"
"18F_796Y","2","2 Baden-Wurttemberg","2 S","2 A","0","2","0"
"144del_384L_452R","19","18 New York","19 GH","18 B.1.526.1","0","3","0"
"69X_70X_144del_484Q_501Y","1","1 Campania","1 GR","1 B.1.1.7","0","5","0"
"69X_70X_440K_484K","1","1 England","1 G","1 B.1","0","4","0"
"69del_70del_341I_439K","1","1 Skopje","1 G","1 B.1.258.17","0","4","0"
"69del_70del_439K_446V","2","1 Obalnokraska","2 G","1 B.1.258.17","0","4","0"
"69del_70del_144del_456X_501Y","10","3 England","10 GRY","10 B.1.1.7","0","5","0"
"408K_446V","1","1 Apulia","1 GV","1 B.1.177","0","2","0"
"478K_501Y","5","4 Turkey","3 GH","3 B.1.36.1","0","2","0"
"18F_242del_243del_244X_417N","1","1 Dhaka","1 GH","1 B.1.351","0","5","0"
"406Q_446V_452R_455F","1","1 California","1 GH","1 B.1.429","0","4","0"
"69del_70del_144del_481K_501Y","5","4 England","5 GRY","5 B.1.1.7","0","5","0"
"69del_70del_490L_501Y","3","1 wielkopolskie","3 GR","3 B.1.1.7","0","4","0"
"69del_70del_144X_490L_501Y","2","2 Wales","2 GR","2 B.1.1.7","0","5","0"
"18F_417T_477N","1","1 Bavaria","1 G","1 P.1","0","3","0"
"484X_501Y","1","1 Saxony","1 GH","1 B.1.351","0","2","0"
"69del_70del_144del_490L","1","1 Catalunya","1 GR","1 B.1.1.7","0","4","0"
"455F_477N","3","3 Saxony","3 GH","3 B.1.160","0","2","0"
"453F_490L","1","1 England","1 GR","1 B.1.1","0","2","0"
"18F_69del_70del_144del_408K_501Y","8","8 England","8 GRY","8 B.1.1.7","0","6","0"
"456X_478K","1","1 Jalisco","1 GR","1 B.1.1.519","0","2","0"
"440K_501Y","2","2 Turkey","2 G","1 B.1.575","0","2","0"
"18F_452Q_490L","1","1 Florida","1 GR","1 B.1.1.1","0","3","0"
"69del_70del_144del_484X_501Y","7","2 Rhineland-Palatinate","6 GRY","7 B.1.1.7","0","5","0"
"70X_439K","6","2 Berlin","6 G","4 B.1.258","0","2","0"
"144del_490L","1","1 Virginia","1 GH","1 B.1.2","0","2","0"
"452R_484K","2","1 Texas","2 GH","1 B.1.429","0","2","0"
"440K_484K","114","22 Neuchatel","114 G","113 B.1","0","2","0"
"18F_242del_243del_244del_417T_484K_501Y","1","1 Sergipe","1 GR","1 P.1","0","7","0"
"69del_70del_144del_359N_501Y","2","1 England","2 GRY","2 B.1.1.7","0","5","0"
"450K_490L","3","1 Keesel-Lo","3 G","3 B.1.214.2","0","2","0"
"18F_242X_243X_244X_417T_484K_501Y","3","2 Ontario","2 GR","3 P.1","0","7","0"
"144del_346K_484K","3","3 Luanda","3 S","3 A","0","3","0"
"18F_484K_501Y_796Y","1","1 Sao Paulo","1 GR","1 P.1","0","4","0"
"69del_70X_484K","1","1 Slovenia","1 G","1 B.1.525","0","3","0"
"449H_501Y","77","33 England","77 S","77 A","0","2","0"
"242del_243del_244del_452R","9","3 Kansas","9 GH","8 B.1.429","0","4","0"
"18F_384L_452R_501Y_796Y","1","1 England","1 S","1 A.27","0","5","0"
"477N_478K","1","1 Colorado","1 GR","1 B.1.1.519","0","2","0"
"69del_70del_439K_490S","1","1 Saxony","1 G","1 B.1.1","0","4","0"
"18F_69del_70del_144del_490L_501Y","1","1 England","1 GRY","1 B.1.1.7","0","6","0"
"242del_243del_244del_484X_501Y","1","1 Saxony","1 GH","1 B.1.351","0","5","0"
"18F_243X","1","1 North Rhine-Westphalia","1 GV","1 B.1.177.62","0","2","0"
"70X_452R","14","4 Washington","14 GH","11 B.1.429","0","2","0"
"144X_450K_477N","1","1 Guanajuato","1 G","1 B.1","0","3","0"
"18F_242X_243X_244X_417N_484X","1","1 Arizona","1 GH","1 B.1.351","0","6","0"
"18F_242del_243del_244del_384L_417N_484K","2","2 Ontario","2 GH","2 B.1.351","0","7","0"
"18F_242del_243del_244del_417N_455F_484K_501Y","2","1 Viken","2 GH","2 B.1.351","0","8","0"
"69del_70del_385N_501Y","2","1 England","2 GR","2 B.1.1.7","0","4","0"
"384L_484Q","1","1 North Rhine-Westphalia","1 GR","1 B.1.1.297","0","2","0"
"69del_70del_144del_440K_484K","5","4 Florida","5 GH","5 B.1.160","0","5","0"
"18F_144del_417N_484K_501Y","2","1 Kilifi","2 GH","2 B.1.351","0","5","0"
"452R_493K","1","1 Massachusetts","1 GH","1 B.1.429","0","2","0"
"144del_348S_452R","20","8 Idaho","20 GH","20 B.1.429","0","3","0"
"18F_242del_243del_244del_417N_456X_484K_501Y","1","1 More og Romsdal","1 GH","1 B.1.351","0","8","0"
"417N_440K_484K_501Y","1","1 Turkey","1 GR","1 B.1.1.28","0","4","0"
"357K_501Y","1","1 England","1 L","1 B.55","0","2","0"
"144del_346K_452R_455F_501Y","2","2 California","2 GH","2 B.1.165","0","5","0"
"69X_70X_501Y_508H","3","1 Slovenia","3 GR","3 B.1.1.7","0","4","0"
"69del_70del_144del_478K_484K","2","2 New York","2 G","2 B.1","0","5","0"
"69X_70X_484K","26","15 Slovenia","19 G","19 B.1.525","0","3","0"
"69del_70del_144del_501Y_521S","16","7 England","16 GRY","16 B.1.1.7","0","5","0"
"69X_70X_417N_484K_501Y","1","1 North Rhine-Westphalia","1 GH","1 B.1.351","0","5","0"
"348S_452R","13","3 Idaho","13 GH","11 B.1.429","0","2","0"
"484K_521S","1","1 New York","1 GH","1 B.1.526","0","2","0"
"354K_477N","2","2 New York","2 GH","2 B.1.526.2","0","2","0"
"501Y_508H","1","1 Laois","1 GR","1 B.1.1.7","0","2","0"
"144del_242del_243del_244del_484K_501Y","10","4 Saxony","10 GH","9 B.1.351","0","6","0"
"367L_440K","2","2 West Bengal","2 GR","2 B.1.1.216","0","2","0"
"69X_70X_144X_501Y_796Y","5","4 Hasselt","5 GR","5 B.1.1.7","0","5","0"
"244X_449H_501Y","1","1 Scotland","1 S","1 A","0","3","0"
"453F_478K","1","1 Florida","1 GR","1 B.1.1.519","0","2","0"
"18F_242del_243del_244del_384L_417N","6","2 Minnesota","6 GH","6 B.1.351","0","6","0"
"144del_450K_477N","16","8 Veracruz","16 G","16 B.1","0","3","0"
"69X_70X_452Q","6","6 Podlaskie","6 GR","6 B.1.1.374","0","3","0"
"69del_70del_144X_244X","1","1 Bavaria","1 GR","1 B.1.1.7","0","4","0"
"69del_70del_354K_439K","1","1 Dolnośląskie","1 G","1 B.1.258","0","4","0"
"384L_483A","2","2 New York","2 GH","2 B.1.324","0","2","0"
"244del_484Q","1","1 Illinois","1 GR","1 B.1.1.432","0","2","0"
"18F_242del_243del_244del_357K_417N_484K_501Y","1","1 Western Cape","1 GH","1 B.1.351","0","8","0"
"354D_439K","3","3 Campania","3 G","3 B.1.258.14","0","2","0"
"69del_70del_144del_477N_484K","1","1 Geneva","1 G","1 B.1.177","0","5","0"
"475V_477N","1","1 New York","1 GH","1 B.1.526.2","0","2","0"
"341I_439K","2","2 Papua New Guinea","2 GH","2 B.1.466.2","0","2","0"
"69del_70del_144del_452M_501Y","26","4 England","26 GRY","26 B.1.1.7","0","5","0"
"69X_70X_452R_478K","1","1 England","1 G","1 B.1","0","4","0"
"69del_70del_144del_346K","1","1 England","1 GR","1 B.1.1.7","0","4","0"
"439K_478K","1","1 Puebla","1 GR","1 B.1.1.519","0","2","0"
"69X_70X_367F_501Y","1","1 Texas","1 GR","1 B.1.1.7","0","4","0"
"70X_144del_490L_501Y","1","1 North Rhine-Westphalia","1 GR","1 B.1.1.7","0","4","0"
"18F_242del_243del_244del_339S_417N_484K_501Y","3","3 Bavaria","3 GH","3 B.1.351","0","8","0"
"69del_70del_144del_417T_501Y","1","1 England","1 GRY","1 B.1.1.7","0","5","0"
"69del_70del_144del_417N","1","1 New York","1 GR","1 B.1.1.7","0","4","0"
"69X_70X_486L_501Y","1","1 Laois","1 GR","1 B.1.1.7","0","4","0"
"69del_70del_144del_486L_501Y","1","1 England","1 GRY","1 B.1.1.7","0","5","0"
"18F_242del_243del_244del_417N_484X","10","5 Saarland","10 GH","10 B.1.351","0","6","0"
"69del_70del_484K_501Y","1","1 North Rhine-Westphalia","1 GR","1 B.1.1.7","0","4","0"
"417N_501Y","186","183 Turkey","88 GH","171 B.1","0","2","0"
"406Q_478K","21","9 Colorado","21 GR","20 B.1.1.519","0","2","0"
"452R_477N","1","1 California","1 GH","1 B.1.429","0","2","0"
"417N_501Y_796Y","1","1 Turkey","1 O","1 B.1","0","3","0"
"69del_70del_144del_384L_452R","1","1 New York","1 GH","1 B.1.40","0","5","0"
"69del_70del_455F_501Y","1","1 England","1 GR","1 B.1.1.7","0","4","0"
"144del_406Q","1","1 Zurich","1 GR","1 B.1.1.39","0","2","0"
"69del_70del_439K_484Q","1","1 Saxony","1 G","1 B.1.1","0","4","0"
"477N_490L_501Y","1","1 Colorado","1 GH","1 B.1.608","0","3","0"
"69del_70del_144del_477N","3","1 Kildare","2 GR","1 B.1.1.7","0","4","0"
"18F_242del_243del_244X_417N_484X_501Y","1","1 England","1 GH","1 B.1.351","0","7","0"
"367F_490L","2","1 England","2 S","1 A","0","2","0"
"446V_478K","3","2 Mexico City","2 GR","2 B.1.1.519","0","2","0"
"18F_521S","1","1 Klaipeda","1 GV","1 B.1.177.60","0","2","0"
"144del_484K_501Y","2","1 Turkey","1 GR","1 B.1.1.7","0","3","0"
"440K_477N","3","3 Maharashtra","3 GH","3 B.1.36.29","0","2","0"
"69del_70del_144del_452R_501Y","143","140 Scotland","143 GRY","143 B.1.1.7","0","5","0"
"18F_242del_243del_244del_417N_484X_501Y","9","4 Dhaka","9 GH","9 B.1.351","0","7","0"
"18F_244X","5","3 Wales","4 GV","3 B.1.177","0","2","0"
"69X_70X_144X_478K","1","1 Texas","1 GR","1 B.1.1.7","0","4","0"
"18F_354K","3","3 England","3 GV","3 B.1.177","0","2","0"
"69X_70X_144del_406Q_501Y","1","1 Groningen","1 GR","1 B.1.1.7","0","5","0"
"69X_70X_452M_501Y","1","1 Limerick","1 GR","1 B.1.1.7","0","4","0"
"69del_70del_144X_446V_501Y","1","1 Bavaria","1 GR","1 B.1.1.7","0","5","0"
"339S_439K","1","1 West Java","1 GH","1 B.1.466.2","0","2","0"
"69del_70del_144del_367L_501Y","15","12 Maryland","15 GRY","15 B.1.1.7","0","5","0"
"69del_70X_144X_452R","1","1 Illinois","1 GH","1 B.1.427","0","4","0"
"144X_439K","1","1 Cantabria","1 G","1 B.1.258.3","0","2","0"
"69X","1","1 Michigan","1 GH","1 B.1.2","-1","1","-1"
"243X","1","1 North Rhine-Westphalia","1 GR","1 B.1.1.70","-1","1","-1"
"70del","5","5 Netherlands","4 GR","3 B.1.1.7","-1","1","-1"
"367F_452R","5","2 California","5 GH","3 B.1.429","-1","2","-2"
"346K_439K","31","17 Bavaria","30 G","29 B.1.258.14","-1","2","-2"
"450K_477N","7","3 Veracruz","7 G","7 B.1","-1","2","-2"
"478K_484K","5","2 Hasselt","3 G","3 B.1.214.3","-1","2","-2"
"452M_484K","1","1 Navarra","1 GR","1 P.2","-1","2","-2"
"244X_484K","6","5 Baden-Wurttemberg","5 O","4 B.1","-1","2","-2"
"456X","9","3 Portugal","5 GH","2 B.1.2","-2","1","-2"
"452R_484X","2","1 Colorado","2 GH","2 B.1.429","-1","2","-2"
"452R_501Y","5","2 Hauts-De-France","2 GR","2 C.11","-1","2","-2"
"18F_367F","1","1 Abruzzo","1 GR","1 B.1.1.420","-1","2","-2"
"477N_484X","1","1 Saxony","1 GH","1 B.1.160","-1","2","-2"
"384L_484K","5","2 Turkey","5 GH","2 B.1.526","-1","2","-2"
"452R_456X","1","1 North Carolina","1 GH","1 B.1.427","-1","2","-2"
"490L_501Y","3","3 West Bank","3 GR","3 B.1.1.7","-1","2","-2"
"70X_501Y","16","12 North Rhine-Westphalia","14 GR","13 B.1.1.7","-1","2","-2"
"417N_452R","5","5 Washington","5 GH","5 B.1.429","-1","2","-2"
"70X","12","6 Texas","5 GH","3 B.1.2","-2","1","-2"
"144X_501Y","31","8 North Rhine-Westphalia","28 GR","29 B.1.1.7","-1","2","-2"
"408I_477N","1","1 New York","1 GH","1 B.1.526.2","-1","2","-2"
"384L_501Y","2","1 England","1 GH","1 B.1.1.7","-1","2","-2"
"144X_452R","13","3 Michigan","12 GH","10 B.1.526.1","-1","2","-2"
"484K_796Y","7","1 England","7 GR","4 P.2","-1","2","-2"
"348S_478K","1","1 Puebla","1 GR","1 B.1.1.519","-1","2","-2"
"144del_483A","22","22 Bretagne","22 GH","22 B.1.616","-1","2","-2"
"452R_521S","1","1 Arizona","1 GH","1 B.1.429","-1","2","-2"
"18F_484Q","1","1 Scotland","1 GV","1 B.1.177.5","-1","2","-2"
"144del_478K","39","6 Alaska","39 GR","38 B.1.1.519","-1","2","-2"
"18F_490L","27","16 Saxony","27 GV","16 B.1.177.86","-1","2","-2"
"453F","1","1 Pomorskie","1 GR","1 B.1.1","-2","1","-2"
"408I_478K","3","2 State of Mexico","3 GR","3 B.1.1.519","-1","2","-2"
"144del_452R_484G","2","2 Wisconsin","2 GH","2 B.1.526.1","-1","3","-3"
"18F_501Y_796Y","2","1 Basel-Landschaft","1 S","1 B","-1","3","-3"
"69X_70X_144del","35","5 Baden-Wurttemberg","20 G","26 B.1.1.7","-1","3","-3"
"346K_484K_501Y","6","4 New York","6 GH","6 B.1.469","-1","3","-3"
"70X_144del_501Y","44","12 North Rhine-Westphalia","39 GR","43 B.1.1.7","-1","3","-3"
"144del_484K_501T","2","1 Normandie","2 GH","2 B.1","-1","3","-3"
"18F_484K_501Y","285","135 Sao Paulo","245 GR","269 P.1","-1","3","-3"
"452R_501Y_796Y","26","10 Connecticut","24 GH","24 B.1.604","-1","3","-3"
"244X","5","2 Florida","2 GV","2 B.1.2","-3","1","-3"
"69del_70del_452R","111","19 England","65 GH","40 C.36","-1","3","-3"
"144del_452R_477N","1","1 New York","1 GH","1 B.1.526.1","-1","3","-3"
"69X_70X_144del_484K","18","9 Campania","14 G","8 B.1.177","-1","4","-4"
"18F_346K","6","6 Vilnius","6 GV","6 B.1.177.79","-2","2","-4"
"18F_69del_70del_501Y","7","4 England","5 GR","5 B.1.1.7","-1","4","-4"
"69del_70del_439K_455F","1","1 Slovenia","1 G","1 B.1.258.17","-1","4","-4"
"144del_501T","2","1 Massachusetts","1 GR","1 B.1.517","-2","2","-4"
"242del_243X_244X_417N","5","3 Baden-Wurttemberg","5 GH","5 B.1.351","-1","4","-4"
"452R_490L","3","1 Arizona","3 GH","3 B.1.429","-2","2","-4"
"144del_439K","2","1 England","2 G","2 B.1.258","-2","2","-4"
"18F_439K","42","23 Campania","35 G","37 B.1.258.14","-2","2","-4"
"18F_69del_70del_144del","9","5 England","9 GR","9 B.1.1.7","-1","4","-4"
"18F_384L","1","1 Klaipeda","1 GV","1 B.1.177.79","-2","2","-4"
"242X_243X_244X_477N","1","1 Provence-Alpes-Cote-d'Azur","1 GH","1 B.1.160","-1","4","-4"
"69del_70del_144del_452R","31","5 Florida","25 GH","10 B.1.429","-1","4","-4"
"144X_477N","2","2 New York","2 GH","2 B.1.526.1","-2","2","-4"
"18F_144X","3","1 Dublin","2 GV","2 B.1.177.62","-2","2","-4"
"70del_501Y","158","74 North Rhine-Westphalia","158 GR","158 B.1.1.7","-2","2","-4"
"244X_452R","2","1 Arizona","1 S","1 A.2.5","-2","2","-4"
"18F_501Y","10","2 Texas","4 GH","2 B.1.1.161","-2","2","-4"
"18F_501T","1","1 Maryland","1 GH","1 B.1.517","-2","2","-4"
"242X_243X_244X_484K","1","1 New York","1 GH","1 B.1.575","-1","4","-4"
"18F_242X_243X_244X","1","1 Wales","1 GV","1 B.1.177.7","-1","4","-4"
"484X","33","9 Arizona","15 GH","7 B.1","-4","1","-4"
"69del_70X_144del_501Y","19","4 Marijampole","19 GR","19 B.1.1.7","-1","4","-4"
"446V_452R","11","7 California","9 GH","5 B.1.429","-2","2","-4"
"452M_477N","12","5 Pays De La Loire","11 G","11 B.1.416","-2","2","-4"
"452Q_490L","179","56 Region Metropolitana de Santiago","179 GR","176 B.1.1.1","-2","2","-4"
"144X_484K","6","3 Arizona","5 GH","3 B.1.2","-2","2","-4"
"69del_70del_417N_439K","5","2 Slovenia","5 G","3 B.1.258.17","-1","4","-4"
"477N_501Y","2","2 Turkey","1 GR","1 B.1.1.413","-2","2","-4"
"452R_508H","1","1 Portugal","1 GR","1 C.16","-2","2","-4"
"452R_484Q","267","108 Maharashtra","255 G","236 B.1.617","-2","2","-4"
"242del_243del_244del_484K","5","3 New York","4 GH","3 B.1.526","-1","4","-4"
"69del_70del_144del_484K_501Y","104","64 England","104 GRY","104 B.1.1.7","-1","5","-5"
"69del_70del_144del_242X_501Y","8","4 Lower Saxony","7 GRY","8 B.1.1.7","-1","5","-5"
"69del_70del_144del_354K_501Y","46","26 Thuringia","46 GRY","46 B.1.1.7","-1","5","-5"
"69del_70del_144del_455F_501Y","95","62 England","95 GRY","95 B.1.1.7","-1","5","-5"
"242X","12","4 Hamburg","8 GV","5 B.1.177.81","-5","1","-5"
"69del_70del_144del_356R_501Y","9","4 England","9 GRY","9 B.1.1.7","-1","5","-5"
"18F_244X_417N_484K_501Y","2","1 Michigan","2 GH","2 B.1.351","-1","5","-5"
"69del_70del_144del_385N_501Y","178","156 England","177 GRY","178 B.1.1.7","-1","5","-5"
"69del_70del_144del_367F_501Y","131","58 Scotland","131 GRY","131 B.1.1.7","-1","5","-5"
"69del_70del_144del_384L_484K","6","6 England","6 G","6 B.1.525","-1","5","-5"
"69del_70del_144del_446V_501Y","34","13 England","34 GRY","34 B.1.1.7","-1","5","-5"
"69del_70del_144del_501Y_508H","14","10 Laois","14 GRY","14 B.1.1.7","-1","5","-5"
"69del_70del_144X_244X_501Y","1","1 Arizona","1 G","1 B.1.1.7","-1","5","-5"
"69del_70del_144del_475V_501Y","50","29 England","50 GRY","50 B.1.1.7","-1","5","-5"
"69del_70del_144del_477N_501Y","9","9 England","9 GRY","9 B.1.1.7","-1","5","-5"
"18F_242X_243X_244X_417N","1","1 Thuringia","1 GH","1 B.1.351","-1","5","-5"
"69del_70del_144del_354D_501Y","63","59 England","63 GRY","63 B.1.1.7","-1","5","-5"
"242del_243del_244del_417N_439K","1","1 Turkey","1 GH","1 B.1","-1","5","-5"
"69del_70del_144del_357K_501Y","8","5 England","6 GRY","8 B.1.1.7","-1","5","-5"
"69del_70del_144del_484Q_501Y","12","5 England","12 GRY","12 B.1.1.7","-1","5","-5"
"18F_69X_70X_144del_501Y","1","1 Hamburg","1 GR","1 B.1.1.7","-1","5","-5"
"417N","50","39 Turkey","19 GH","34 B.1","-6","1","-6"
"144del_452R","1719","978 New York","1689 GH","1587 B.1.526.1","-3","2","-6"
"18F_69X_70X","4","2 Texas","2 GH","2 B.1.2","-2","3","-6"
"18F_69del_70del_417T_484K_501Y","4","3 Sao Paulo","4 GR","4 P.1","-1","6","-6"
"69X_70X_452R","37","15 California","36 GH","29 B.1.429","-2","3","-6"
"69del_70del_477N","5","3 Ile-de-France","5 GH","4 B.1.160","-2","3","-6"
"18F_242del_243del_244del_417N_501Y","20","4 France","20 GH","20 B.1.351","-1","6","-6"
"484K_501Y","114","58 Central Visayas","100 GR","88 P.3","-3","2","-6"
"69del_70del_242del_243del_244del_439K","3","1 Germany","3 G","2 B.1.258","-1","6","-6"
"18F_417N","3","1 Colorado","3 GH","3 B.1.351","-3","2","-6"
"242del_243X_244X_417N_484K_501Y","77","70 Bavaria","77 GH","77 B.1.351","-1","6","-6"
"477N_490L","3","2 Baden-Wurttemberg","3 GH","3 B.1.160","-3","2","-6"
"18F_446V","2","1 Scotland","2 GV","1 B.1.177.86","-3","2","-6"
"69del_70del_144del_242X_243X_244X_501Y","13","10 England","13 GRY","13 B.1.1.7","-1","7","-7"
"69del_70del_384L_439K","1","1 Halland","1 G","1 B.1.258","-2","4","-8"
"18F_242del_243del_244del","6","2 Saarland","4 GH","3 B.1.351","-2","4","-8"
"242del_243del_244del_477N","2","1 Connecticut","2 GH","2 B.1.160","-2","4","-8"
"18F_242del_243del_244del_417N_484K_501Y_796Y","2","2 Dhaka","2 GH","2 B.1.351","-1","8","-8"
"18F_69del_70del_439K","9","2 Vasterbotten","8 G","7 B.1.258","-2","4","-8"
"18F_69del_70del_144del_242del_243del_244del_501Y","1","1 England","1 GRY","1 B.1.1.7","-1","8","-8"
"69del_70del_144X_484K","7","4 North Rhine-Westphalia","7 G","7 B.1.525","-2","4","-8"
"69X_70X_144X_484K","6","3 Tielt","6 G","6 B.1.525","-2","4","-8"
"70del_144del_501Y","615","332 North Rhine-Westphalia","614 GR","615 B.1.1.7","-3","3","-9"
"69X_70X_477N","4","3 Podlaskie","3 GH","4 B.1.160","-3","3","-9"
"69del_70del_144X","80","19 Ontario","63 GR","67 B.1.1.7","-3","3","-9"
"144X","69","17 Texas","22 GR","12 B.1","-10","1","-10"
"18F_244del_417N_484K_501Y","11","5 Dhaka","11 GH","11 B.1.351","-2","5","-10"
"69del_70del_144del_484A_501Y","4","2 Wales","4 GRY","4 B.1.1.7","-2","5","-10"
"477N_484K","19","8 Sao Paulo","10 GH","8 P.2","-5","2","-10"
"69del_70del_144del_501Y_796Y","83","28 Koroska","81 GRY","82 B.1.1.7","-2","5","-10"
"18F_144del_417T_484K_501Y","5","3 Illinois","3 G","5 P.1","-2","5","-10"
"18F_69del_70del_144X_501Y","40","39 Wales","39 GR","40 B.1.1.7","-2","5","-10"
"69del_70del_144del_408I_501Y","12","6 England","12 GRY","12 B.1.1.7","-2","5","-10"
"69del_70del_144del_493K_501Y","29","27 England","29 GRY","29 B.1.1.7","-2","5","-10"
"446V_477N","7","2 Rhode Island","7 GH","4 B.1.160","-5","2","-10"
"69del_70del_144del_408K_501Y","36","32 Bavaria","36 GRY","36 B.1.1.7","-2","5","-10"
"69del_144del_501Y","5","2 England","5 GR","4 B.1.1.7","-4","3","-12"
"244del_417N_484K_501Y","6","2 Ile-de-France","6 GH","6 B.1.351","-3","4","-12"
"144del_484K","397","99 England","329 GR","278 B.1.1.318","-6","2","-12"
"18F_69del_70del","8","3 Baden-Wurttemberg","6 GV","4 B.1.177","-4","3","-12"
"69del_70del_339S_439K","6","3 Slovenia","6 G","6 B.1.258.17","-3","4","-12"
"18F_242del_243del_244del_484K_501Y","65","34 Saarland","65 GH","65 B.1.351","-2","6","-12"
"69X_70X","267","85 Baden-Wurttemberg","109 O","67 B.1","-7","2","-14"
"242del_243del_244del_417N_484K","9","1 England","9 GH","8 B.1.351","-3","5","-15"
"242del_243del_244del_417N_501Y","103","85 Turkey","84 GH","83 B.1","-3","5","-15"
"242X_243X_244X","3","1 Texas","1 GR","1 B.1.177.60","-5","3","-15"
"69del_70del_144del_384L_501Y","311","276 England","311 GRY","311 B.1.1.7","-3","5","-15"
"69del_70del_484K","22","5 Slovenia","16 G","15 B.1.525","-5","3","-15"
"144del_501Y","221","28 Turkey","175 GR","199 B.1.1.7","-8","2","-16"
"18F_242del_243del_244del_417N_484K","11","3 England","11 GH","11 B.1.351","-3","6","-18"
"484K_501T","19","2 Koersel","19 GH","19 B.1","-9","2","-18"
"69X_70X_501Y","1237","671 Michigan","1201 GR","1226 B.1.1.7","-6","3","-18"
"477N_508H","34","17 France","34 GH","34 B.1.160","-9","2","-18"
"69X_70X_144X","82","12 Dublin","43 GR","42 B.1.1.7","-6","3","-18"
"18F_144del","37","6 Latvia","32 GV","14 B.1.177.86","-10","2","-20"
"18F_417N_484K_501Y","44","14 Geneva","44 GH","44 B.1.351","-5","4","-20"
"242del_243del_244del","11","4 Turkey","7 GH","3 B.1","-7","3","-21"
"18F_242X_243X_244X_417N_484K_501Y","101","18 Menen","99 GH","101 B.1.351","-3","7","-21"
"144del_242del_243del_244del_417N_484K_501Y","27","13 Baden-Wurttemberg","27 GH","27 B.1.351","-3","7","-21"
"417N_484K_501Y","47","17 Slovenia","46 GH","46 B.1.351","-7","3","-21"
"18F_477N","166","63 New York","164 GH","112 B.1.526.2","-11","2","-22"
"501Y","1524","280 Turkey","779 GH","519 B.1.2","-23","1","-23"
"18F_440K","267","78 Luxembourg","261 GR","250 B.1.1.420","-12","2","-24"
"18F_69del_70del_144del_501Y","2660","1956 England","2656 GRY","2659 B.1.1.7","-5","5","-25"
"144del_477N","28","12 New York","26 GH","9 B.1.526.2","-13","2","-26"
"69X_70X_439K","231","151 Slovenia","218 G","173 B.1.258.17","-9","3","-27"
"69X_70X_144del_501Y","1376","153 Campania","754 G","1375 B.1.1.7","-7","4","-28"
"242X_243X_244X_417N_484K_501Y","19","4 Hasselt","19 GH","19 B.1.351","-5","6","-30"
"242del_243del_244del_484K_501Y","46","10 Turkey","44 GH","33 B.1.351","-6","5","-30"
"242del_243del_244del_417N","73","28 Turkey","67 GH","43 B.1.351","-8","4","-32"
"18F_417T_484K_501Y","1791","195 Sao Paulo","1555 GR","1791 P.1","-8","4","-32"
"69del_70del_144del_439K","53","13 Savinjska","49 G","34 B.1.258.17","-9","4","-36"
"69del_70del_501T","90","39 Hauts-De-France","87 S","87 A.28","-12","3","-36"
"69del_70del_144del","1559","420 England","1432 GR","1494 B.1.1.7","-12","3","-36"
"18F_242del_243del_244del_417N","90","27 Saarland","88 GH","85 B.1.351","-8","5","-40"
"18F_452R_501Y_796Y","191","55 Auvergne-Rhone-Alpes","191 S","187 A.27","-11","4","-44"
"69del_70del_144X_501Y","2329","1276 Ontario","2292 GR","2325 B.1.1.7","-12","4","-48"
"69X_70X_144X_501Y","770","146 Baden-Wurttemberg","730 GR","764 B.1.1.7","-13","4","-52"
"484K","6797","2782 New York","3928 GH","3653 B.1.526","-57","1","-57"
"439K","1593","212 Campania","1194 G","863 B.1.258","-68","1","-68"
"69del_70del","486","43 Rhode Island","201 G","137 B.1.258.17","-40","2","-80"
"69del_70del_144del_484K","1004","216 England","986 G","963 B.1.525","-20","4","-80"
"452R","16977","7131 California","15911 GH","11068 B.1.429","-83","1","-83"
"69del_70del_501Y","1347","326 England","1316 GR","1311 B.1.1.7","-37","3","-111"
"477N","7129","1460 New York","5977 GH","3375 B.1.160","-148","1","-148"
"242del_243del_244del_417N_484K_501Y","1628","120 Turkey","1595 GH","1585 B.1.351","-43","6","-258"
"18F_242del_243del_244del_417N_484K_501Y","2083","367 Luxembourg","2074 GH","2081 B.1.351","-43","7","-301"
"69del_70del_439K","4699","489 Obalnokraska","4654 G","2868 B.1.258.17","-117","3","-351"
"69del_70del_144del_501Y","205295","96168 England","203983 GRY","205234 B.1.1.7","-180","4","-720"